{
    "K": [
        [
            1184.8238921817497,
            0.0,
            731.6009923455761
        ],
        [
            0.0,
            1187.3876214151123,
            530.851864325004
        ],
        [
            0.0,
            0.0,
            1.0
        ]
    ],
    "D": [
        [
            0.2954735209535198,
            -1.7359374178730036,
            -0.006268741391749976,
            0.0032780643372370658,
            4.746647335149724
        ]
    ]
}